centre;codprod;codof;sequence;codop;dtedeb;dtefin
MAC101;PROD01;OF00000001;0;10;2025-11-24 10:48:00.000;2025-11-25 03:48:00.000
MAC101;PROD01;OF00000025;0;10;2025-11-25 03:48:00.000;2025-11-26 04:18:00.000
MAC101;PROD01;OF00000026;0;10;2025-11-26 04:18:00.000;2025-11-27 07:18:00.000
MAC101;PROD01;OF00000036;0;10;2025-11-27 07:18:00.000;2025-11-29 21:39:53.557
MAC101;PROD01;OF00000038;0;10;2025-11-29 21:18:00.000;2025-12-01 05:18:00.000
MAC101;PROD01;OF00000039;0;10;2025-12-01 05:18:00.000;2025-12-02 01:28:35.665
MAC101;PROD01;OF00000041;0;10;2025-12-02 03:18:00.000;2025-12-05 08:18:00.000
MAC101;PROD01;OF00000004;0;10;2025-12-05 08:18:00.000;2025-12-06 09:15:59.092
MAC101;PROD01;OF00000030;0;10;2025-12-06 11:18:00.000;2025-12-09 01:18:00.000
MAC101;PROD01;OF00000034;0;10;2025-12-09 01:18:00.000;2025-12-13 13:39:56.860
MAC101;PROD01;OF00000021;0;10;2025-12-13 07:18:00.000;2025-12-22 18:18:00.000
MAC101;PROD01;OF00000014;0;10;2025-12-22 18:18:00.000;2025-12-26 19:18:00.000
MAC101;PROD01;OF00000011;0;10;2025-12-26 19:18:00.000;2025-12-30 00:18:00.000
MAC102;PROD02;OF00000015;0;10;2025-11-24 10:48:00.000;2025-11-26 01:18:00.000
MAC102;PROD02;OF00000016;0;10;2025-11-26 01:18:00.000;2025-11-29 17:48:00.000
MAC102;PROD02;OF00000027;0;10;2025-11-29 17:48:00.000;2025-11-30 13:33:00.000
MAC102;PROD02;OF00000040;0;10;2025-11-30 13:33:00.000;2025-12-01 00:33:00.000
MAC102;PROD02;OF00000037;0;10;2025-12-01 00:33:00.000;2025-12-02 09:17:02.032
MAC102;PROD02;OF00000023;0;10;2025-12-02 07:33:00.000;2025-12-02 16:03:00.000
MAC102;PROD02;OF00000012;0;10;2025-12-02 16:03:00.000;2025-12-03 10:18:00.000
MAC102;PROD02;OF00000007;0;10;2025-12-03 10:18:00.000;2025-12-04 07:18:00.000
MAC102;PROD02;OF00000022;0;10;2025-12-04 07:18:00.000;2025-12-07 23:48:00.000
MAC103;PROD03;0F00000003;0;10;2025-11-24 10:48:00.000;2025-11-24 17:33:00.000
MAC103;PROD03;OF00000013;0;10;2025-11-24 17:33:00.000;2025-11-27 11:03:00.000
MAC103;PROD03;OF00000017;0;10;2025-11-27 11:03:00.000;2025-11-30 01:18:50.395
MAC103;PROD01V3;OF00000032;0;10;2025-11-30 04:33:00.000;2025-12-01 19:46:32.168
MAC103;PROD03;OF00000024;0;10;2025-12-01 17:33:00.000;2025-12-02 09:03:00.000
MAC103;PROD01V3;OF00000020;0;10;2025-12-02 09:03:00.000;2025-12-11 20:03:00.000
MAC103;PROD01V3;OF00000029;0;10;2025-12-11 20:03:00.000;2025-12-13 14:03:00.000
MAC103;PROD03;OF00000008;0;10;2025-12-13 14:03:00.000;2025-12-14 04:18:00.000
MAC103;PROD03;OF00000031;0;10;2025-12-14 04:18:00.000;2025-12-15 13:18:00.000
MAC103;PROD03;OF00000033;0;10;2025-12-15 13:18:00.000;2025-12-16 17:18:00.000
MAC103;PROD03;OF00000035;0;10;2025-12-16 17:18:00.000;2025-12-19 10:48:00.000
MAC103;PROD03;OF00000018;0;10;2025-12-19 10:48:00.000;2025-12-21 12:16:09.613
MAC103;PROD03;OF00000010;0;10;2025-12-21 10:48:00.000;2025-12-22 19:48:00.000
MAC103;PROD01V2;OF00000047;0;20;2025-12-22 19:48:00.000;2025-12-23 16:48:00.000
MAC104;PROD01;OF00000042;0;10;2025-11-24 10:48:00.000;2025-11-28 23:56:00.000
MAC104;PROD01;OF00000050;0;30;2025-11-30 04:48:00.000;2025-12-01 16:18:00.000
MAC105;PROD01;OF00000043;0;10;2025-11-24 10:48:00.000;2025-11-27 12:13:00.000
MAC105;PROD01V3;OF00000048;0;10;2025-11-30 03:18:00.000;2025-12-01 16:18:00.000
MAC106;PROD03;OF00000044;0;10;2025-11-24 10:48:00.000;2025-11-25 14:48:00.000
MAC106;PROD01;OF00000049;0;10;2025-11-25 14:48:00.000;2025-11-27 03:48:00.000
MAC106;PROD01;OF00000050;0;10;2025-11-27 03:48:00.000;2025-11-28 18:42:14.271
MAC106;PROD01;OF00000050;0;20;2025-11-28 16:48:00.000;2025-11-30 04:48:00.000
MAC106;PROD01V3;OF00000048;0;20;2025-12-01 16:18:00.000;2025-12-02 13:18:00.000
MAC107;PROD02;OF00000045;0;10;2025-11-24 10:48:00.000;2025-11-25 17:03:42.390
MAC107;PROD01;OF00000049;0;30;2025-11-28 15:48:00.000;2025-11-30 04:04:32.876
MAC107;PROD01V2;OF00000047;0;30;2025-12-23 16:48:00.000;2025-12-24 21:18:00.000
MAC108;PROD01;OF00000049;0;20;2025-11-27 03:48:00.000;2025-11-28 15:48:00.000
MAC108;PROD01V3;OF00000048;0;30;2025-12-02 13:18:00.000;2025-12-04 04:41:00.000
MAC201;PROD01;OF00000001;0;20;2025-11-24 10:48:00.000;2025-11-25 02:48:00.000
MAC201;PROD01V2;OF00000006;0;20;2025-11-25 02:48:00.000;2025-11-25 06:39:00.000
MAC201;PROD01V2;OF00000028;0;20;2025-11-25 06:39:00.000;2025-11-25 16:13:00.000
MAC201;PROD01;OF00000025;0;20;2025-11-26 04:18:00.000;2025-11-27 03:48:00.000
MAC201;PROD01;OF00000026;0;20;2025-11-27 07:18:00.000;2025-11-28 09:18:00.000
MAC201;PROD01;OF00000004;0;20;2025-11-28 09:18:00.000;2025-11-29 11:18:00.000
MAC201;PROD01;OF00000036;0;20;2025-11-29 21:18:00.000;2025-12-02 10:18:00.000
MAC201;PROD01;OF00000038;0;20;2025-12-02 10:18:00.000;2025-12-03 14:13:58.182
MAC201;PROD01;OF00000043;0;20;2025-12-03 17:18:00.000;2025-12-05 20:18:00.000
MAC201;PROD01;OF00000042;0;20;2025-12-05 20:18:00.000;2025-12-09 00:18:00.000
MAC201;PROD01;OF00000039;0;20;2025-12-09 00:18:00.000;2025-12-09 22:31:05.946
MAC201;PROD01;OF00000041;0;20;2025-12-09 21:18:00.000;2025-12-13 01:18:00.000
MAC201;PROD01;OF00000030;0;20;2025-12-13 01:18:00.000;2025-12-15 14:18:00.000
MAC201;PROD01;OF00000034;0;20;2025-12-15 14:18:00.000;2025-12-20 01:17:34.685
MAC201;PROD01;OF00000021;0;20;2025-12-22 18:18:00.000;2026-01-01 04:18:00.000
MAC201;PROD01;OF00000011;0;20;2026-01-01 04:18:00.000;2026-01-04 08:18:00.000
MAC201;PROD01;OF00000014;0;20;2026-01-04 08:18:00.000;2026-01-08 08:18:00.000
MAC201;PROD01PF;OF00000046;0;10;2026-01-08 08:18:00.000;2026-01-23 00:18:00.000
MAC202;PROD01V3;0F00000009;0;10;2025-11-24 10:48:00.000;2025-11-25 08:18:00.000
MAC202;PROD02;OF00000015;0;20;2025-11-25 08:18:00.000;2025-11-26 18:37:00.000
MAC202;PROD02;OF00000045;0;20;2025-11-26 18:37:00.000;2025-11-27 22:17:00.000
MAC202;PROD02;OF00000023;0;20;2025-11-27 22:17:00.000;2025-11-28 05:57:00.000
MAC202;PROD02;OF00000012;0;20;2025-11-28 05:57:00.000;2025-11-28 22:16:00.000
MAC202;PROD02;OF00000007;0;20;2025-11-28 22:16:00.000;2025-11-29 17:08:39.068
MAC202;PROD02;OF00000027;0;20;2025-11-30 23:33:00.000;2025-12-01 17:13:00.000
MAC202;PROD02;OF00000040;0;20;2025-12-01 17:13:00.000;2025-12-02 02:35:16.531
MAC202;PROD02;OF00000016;0;20;2025-12-02 03:06:00.000;2025-12-05 09:52:00.000
MAC202;PROD02;OF00000037;0;20;2025-12-05 09:52:00.000;2025-12-06 15:48:33.281
MAC202;PROD02;OF00000022;0;20;2025-12-06 13:32:00.000;2025-12-09 21:07:20.927
MAC202;PROD01V3;OF00000020;0;20;2025-12-11 20:03:00.000;2025-12-17 05:37:00.000
MAC202;PROD01PF;OF00000046;0;20;2026-01-23 00:18:00.000;2026-01-24 12:18:00.000
MAC300;PROD03;0F00000003;0;20;2025-11-24 10:48:00.000;2025-11-24 16:05:00.000
MAC300;PROD01;OF00000001;0;30;2025-11-24 16:05:00.000;2025-11-25 08:06:10.775
MAC300;PROD01V2;OF00000006;0;30;2025-11-25 07:35:00.000;2025-11-25 12:05:00.000
MAC300;PROD03;OF00000013;0;20;2025-11-25 12:05:00.000;2025-11-28 06:48:45.188
MAC300;PROD03;OF00000017;0;20;2025-11-28 12:30:00.000;2025-12-01 12:55:00.000
MAC300;PROD03;OF00000044;0;20;2025-12-01 12:55:00.000;2025-12-02 18:29:00.000
MAC300;PROD01;OF00000025;0;30;2025-12-02 18:29:00.000;2025-12-03 17:29:00.000
MAC300;PROD01V3;OF00000032;0;20;2025-12-03 17:29:00.000;2025-12-04 14:29:00.000
MAC300;PROD01;OF00000026;0;30;2025-12-04 14:29:00.000;2025-12-05 15:59:00.000
MAC300;PROD01;OF00000036;0;30;2025-12-05 15:59:00.000;2025-12-08 00:33:59.419
MAC300;PROD01V3;0F00000009;0;20;2025-12-08 04:29:00.000;2025-12-08 16:37:00.000
MAC300;PROD01;OF00000038;0;30;2025-12-08 16:37:00.000;2025-12-09 23:07:00.000
MAC300;PROD01V2;OF00000028;0;30;2025-12-09 23:07:00.000;2025-12-10 10:48:05.477
MAC300;PROD01;OF00000004;0;30;2025-12-10 11:37:00.000;2025-12-11 13:07:00.000
MAC300;PROD03;OF00000024;0;20;2025-12-11 13:07:00.000;2025-12-12 04:24:00.000
MAC300;PROD01;OF00000043;0;30;2025-12-12 04:24:00.000;2025-12-14 06:54:00.000
MAC300;PROD03;OF00000008;0;20;2025-12-14 06:54:00.000;2025-12-14 20:45:00.000
MAC300;PROD01V3;OF00000029;0;20;2025-12-14 20:45:00.000;2025-12-15 20:36:00.000
MAC300;PROD01;OF00000039;0;30;2025-12-15 20:36:00.000;2025-12-16 17:06:00.000
MAC300;PROD03;OF00000031;0;20;2025-12-16 17:06:00.000;2025-12-18 04:23:00.000
MAC300;PROD03;OF00000033;0;20;2025-12-18 04:23:00.000;2025-12-19 10:31:40.030
MAC300;PROD01;OF00000042;0;30;2025-12-19 09:57:00.000;2025-12-22 13:27:00.000
MAC300;PROD03;OF00000010;0;20;2025-12-22 13:27:00.000;2025-12-24 00:44:00.000
MAC300;PROD01;OF00000041;0;30;2025-12-24 00:44:00.000;2025-12-27 11:43:23.207
MAC300;PROD01;OF00000030;0;30;2025-12-27 04:14:00.000;2025-12-29 16:44:00.000
MAC300;PROD01;OF00000034;0;30;2025-12-29 16:44:00.000;2026-01-02 21:14:00.000
MAC300;PROD03;OF00000035;0;20;2026-01-02 21:14:00.000;2026-01-05 21:39:00.000
MAC300;PROD03;OF00000018;0;20;2026-01-05 21:39:00.000;2026-01-08 02:04:00.000
MAC300;PROD01;OF00000021;0;30;2026-01-08 02:04:00.000;2026-01-17 11:34:00.000
MAC300;PROD01;OF00000014;0;30;2026-01-17 11:34:00.000;2026-01-21 11:04:00.000
MAC300;PROD01;OF00000011;0;30;2026-01-21 11:04:00.000;2026-01-24 14:17:15.470
MAC303;PROD01V3;OF00000032;0;30;2025-12-04 14:29:00.000;2025-12-06 05:52:00.000
MAC303;PROD01V3;0F00000009;0;30;2025-12-08 16:37:00.000;2025-12-09 14:47:00.000
MAC303;PROD01V3;OF00000029;0;30;2025-12-15 20:36:00.000;2025-12-17 17:32:00.000
MAC303;PROD01V3;OF00000020;0;30;2025-12-17 17:32:00.000;2025-12-28 04:02:00.000
MAC501;P01;OF01;1;10;2025-11-24 10:48:00.000;2025-11-24 16:20:00.000
MAC501;P02;OF02;1;10;2025-11-24 16:20:00.000;2025-11-24 17:57:00.000
MAC501;P03;OF03;1;10;2025-11-24 17:57:00.000;2025-11-25 00:05:36.515
MAC501;P09;OF04;1;10;2025-11-25 00:43:00.000;2025-11-25 08:21:25.815
MAC501;P02;OF05;1;10;2025-11-25 07:46:00.000;2025-11-25 19:11:00.000
MAC501;P02;OF06;1;10;2025-11-25 19:11:00.000;2025-11-26 00:21:00.000
MAC501;P05;OF07;1;10;2025-11-26 00:21:00.000;2025-11-26 04:01:00.000
MAC501;P06;OF08;1;10;2025-11-26 04:01:00.000;2025-11-26 07:12:00.000
MAC501;P07;OF09;1;10;2025-11-26 07:12:00.000;2025-11-27 12:56:31.150
MAC501;P01;OF10;1;10;2025-11-27 13:36:00.000;2025-11-28 02:25:00.000
MAC501;P05;OF11;1;10;2025-11-28 02:25:00.000;2025-11-28 11:38:24.900
MAC501;P06;OF12;1;10;2025-11-28 11:05:00.000;2025-11-28 17:23:00.000
MAC501;P01;OF13;1;10;2025-11-28 17:23:00.000;2025-11-29 02:33:00.000
MAC501;P07;OF14;1;10;2025-11-29 02:33:00.000;2025-11-29 03:50:00.000
MAC501;P08;OF15;1;10;2025-11-29 03:50:00.000;2025-11-29 10:23:00.000
MAC501;P01;OF16;1;10;2025-11-29 10:23:00.000;2025-12-01 02:55:00.000
MAC501;P10;OF17;1;10;2025-12-01 02:55:00.000;2025-12-01 06:25:00.000
MAC501;P02;OF18;1;10;2025-12-01 06:25:00.000;2025-12-01 09:05:00.000
MAC501;P03;OF19;1;10;2025-12-01 09:05:00.000;2025-12-01 20:05:00.000
MAC501;P01;OF20;1;10;2025-12-01 20:05:00.000;2025-12-02 01:37:00.000
MAC501;P04;OF21;1;10;2025-12-02 01:37:00.000;2025-12-02 07:58:00.000
MAC501;P05;OF22;1;10;2025-12-02 07:58:00.000;2025-12-02 12:38:00.000
MAC501;P06;OF23;1;10;2025-12-02 12:38:00.000;2025-12-02 17:23:00.000
MAC501;P08;OF24;1;10;2025-12-02 17:23:00.000;2025-12-02 21:59:00.000
MAC501;P04;OF25;1;10;2025-12-02 21:59:00.000;2025-12-03 02:33:00.000
MAC501;P02;OF26;1;10;2025-12-03 02:33:00.000;2025-12-03 07:43:00.000
MAC501;P05;OF27;1;10;2025-12-03 07:43:00.000;2025-12-03 11:23:00.000
MAC501;P06;OF28;1;10;2025-12-03 11:23:00.000;2025-12-03 14:34:00.000
MAC501;P07;OF29;1;10;2025-12-03 14:34:00.000;2025-12-04 21:50:12.086
MAC501;P01;OF30;1;10;2025-12-04 20:58:00.000;2025-12-05 09:47:00.000
MAC501;P05;OF31;1;10;2025-12-05 09:47:00.000;2025-12-05 18:27:00.000
MAC501;P06;OF32;1;10;2025-12-05 18:27:00.000;2025-12-06 00:50:13.849
MAC501;P01;OF33;1;10;2025-12-06 00:45:00.000;2025-12-06 09:01:31.096
MAC501;P07;OF34;1;10;2025-12-06 09:55:00.000;2025-12-06 11:12:00.000
MAC501;P08;OF35;1;10;2025-12-06 11:12:00.000;2025-12-06 17:45:00.000
MAC501;P01;OF36;1;10;2025-12-06 17:45:00.000;2025-12-08 10:17:00.000
MAC501;P10;OF37;1;10;2025-12-08 10:17:00.000;2025-12-08 13:47:00.000
MAC501;P02;OF38;1;10;2025-12-08 13:47:00.000;2025-12-08 16:27:00.000
MAC501;P03;OF39;1;10;2025-12-08 16:27:00.000;2025-12-09 03:37:00.295
MAC501;P01;OF40;1;10;2025-12-09 03:27:00.000;2025-12-09 08:50:29.027
MAC501;P04;OF41;1;10;2025-12-09 08:59:00.000;2025-12-09 15:20:00.000
MAC501;P05;OF42;1;10;2025-12-09 15:20:00.000;2025-12-09 20:12:43.062
MAC501;P06;OF43;1;10;2025-12-09 20:00:00.000;2025-12-10 00:24:04.161
MAC501;P08;OF44;1;10;2025-12-10 00:45:00.000;2025-12-10 05:21:00.000
MAC501;P04;OF45;1;10;2025-12-10 05:21:00.000;2025-12-10 09:55:00.000
MAC501;P01;OF46;1;10;2025-12-10 09:55:00.000;2025-12-12 02:27:00.000
MAC501;P10;OF47;1;10;2025-12-12 02:27:00.000;2025-12-12 05:57:00.000
MAC501;P02;OF48;1;10;2025-12-12 05:57:00.000;2025-12-12 08:38:29.095
MAC501;P03;OF49;1;10;2025-12-12 08:37:00.000;2025-12-12 19:37:00.000
MAC501;P03;OF50;1;10;2025-12-12 19:37:00.000;2025-12-13 06:37:00.000
MAC502;P01;OF01;1;20;2025-11-24 16:20:00.000;2025-11-25 11:37:00.000
MAC502;P02;OF02;1;20;2025-11-25 11:37:00.000;2025-11-25 18:17:00.000
MAC502;P03;OF03;1;20;2025-11-25 18:17:00.000;2025-11-26 13:34:51.212
MAC502;P09;OF04;1;20;2025-11-26 12:55:00.000;2025-11-27 03:55:00.000
MAC502;P02;OF05;1;20;2025-11-27 03:55:00.000;2025-11-28 12:41:00.000
MAC502;P02;OF06;1;20;2025-11-28 12:41:00.000;2025-11-29 04:47:00.000
MAC502;P05;OF07;1;20;2025-11-29 04:47:00.000;2025-11-29 15:06:00.000
MAC502;P06;OF08;1;20;2025-11-29 15:06:00.000;2025-11-30 00:13:00.000
MAC502;P07;OF09;1;20;2025-11-30 00:13:00.000;2025-12-02 09:50:00.000
MAC502;P01;OF10;1;20;2025-12-02 09:50:00.000;2025-12-04 03:58:00.000
MAC502;P05;OF11;1;20;2025-12-04 03:58:00.000;2025-12-05 00:17:00.000
MAC502;P06;OF12;1;20;2025-12-05 00:17:00.000;2025-12-05 15:17:00.000
MAC502;P01;OF13;1;20;2025-12-05 15:17:00.000;2025-12-06 21:59:00.000
MAC502;P07;OF14;1;20;2025-12-06 21:59:00.000;2025-12-07 03:39:09.539
MAC502;P08;OF15;1;20;2025-12-07 03:30:00.000;2025-12-07 18:01:00.000
MAC502;P01;OF16;1;20;2025-12-07 18:01:00.000;2025-12-13 03:18:00.000
MAC502;P10;OF17;1;20;2025-12-13 03:18:00.000;2025-12-13 18:18:00.000
MAC502;P02;OF18;1;20;2025-12-13 18:18:00.000;2025-12-14 03:08:34.563
MAC502;P03;OF19;1;20;2025-12-14 03:44:00.000;2025-12-15 08:22:00.000
MAC502;P01;OF20;1;20;2025-12-15 08:22:00.000;2025-12-16 03:39:00.000
MAC502;P04;OF21;1;20;2025-12-16 03:39:00.000;2025-12-16 20:11:00.000
MAC502;P05;OF22;1;20;2025-12-16 20:11:00.000;2025-12-17 08:30:00.000
MAC502;P06;OF23;1;20;2025-12-17 08:30:00.000;2025-12-17 20:33:00.000
MAC502;P08;OF24;1;20;2025-12-17 20:33:00.000;2025-12-18 07:44:00.000
MAC502;P04;OF25;1;20;2025-12-18 07:44:00.000;2025-12-18 20:25:00.000
MAC502;P02;OF26;1;20;2025-12-18 20:25:00.000;2025-12-19 12:31:00.000
MAC502;P05;OF27;1;20;2025-12-19 12:31:00.000;2025-12-19 22:50:00.000
MAC502;P06;OF28;1;20;2025-12-19 22:50:00.000;2025-12-20 07:57:00.000
MAC502;P07;OF29;1;20;2025-12-20 07:57:00.000;2025-12-22 19:49:55.374
MAC502;P01;OF30;1;20;2025-12-22 17:34:00.000;2025-12-24 08:55:49.422
MAC502;P05;OF31;1;20;2025-12-24 11:42:00.000;2025-12-25 07:38:01.993
MAC502;P06;OF32;1;20;2025-12-25 08:01:00.000;2025-12-25 23:01:00.000
MAC502;P01;OF33;1;20;2025-12-25 23:01:00.000;2025-12-27 08:39:21.468
MAC502;P07;OF34;1;20;2025-12-27 05:43:00.000;2025-12-27 11:14:00.000
MAC502;P08;OF35;1;20;2025-12-27 11:14:00.000;2025-12-28 01:45:00.000
MAC502;P01;OF36;1;20;2025-12-28 01:45:00.000;2026-01-02 11:02:00.000
MAC502;P10;OF37;1;20;2026-01-02 11:02:00.000;2026-01-03 02:02:00.000
MAC502;P02;OF38;1;20;2026-01-03 02:02:00.000;2026-01-03 11:28:00.000
MAC502;P03;OF39;1;20;2026-01-03 11:28:00.000;2026-01-04 16:06:00.000
MAC502;P01;OF40;1;20;2026-01-04 16:06:00.000;2026-01-05 11:23:00.000
MAC502;P04;OF41;1;20;2026-01-05 11:23:00.000;2026-01-06 03:55:00.000
MAC502;P05;OF42;1;20;2026-01-06 03:55:00.000;2026-01-06 16:14:00.000
MAC502;P06;OF43;1;20;2026-01-06 16:14:00.000;2026-01-07 04:17:00.000
MAC502;P08;OF44;1;20;2026-01-07 04:17:00.000;2026-01-07 15:28:53.006
MAC502;P04;OF45;1;20;2026-01-07 15:28:00.000;2026-01-08 04:09:00.000
MAC502;P01;OF46;1;20;2026-01-08 04:09:00.000;2026-01-13 13:26:00.000
MAC502;P10;OF47;1;20;2026-01-13 13:26:00.000;2026-01-14 04:26:00.000
MAC502;P02;OF48;1;20;2026-01-14 04:26:00.000;2026-01-14 14:30:14.455
MAC502;P03;OF49;1;20;2026-01-14 13:52:00.000;2026-01-15 18:30:00.000
MAC502;P03;OF50;1;20;2026-01-15 18:30:00.000;2026-01-16 23:08:00.000
MAC504;P01;OF01;1;30;2025-11-25 11:37:00.000;2025-12-02 15:37:00.000
MAC504;P02;OF02;1;30;2025-12-02 15:37:00.000;2025-12-06 06:37:00.000
MAC504;P03;OF03;1;30;2025-12-06 06:37:00.000;2025-12-15 12:37:00.000
MAC504;P09;OF04;1;30;2025-12-15 12:37:00.000;2025-12-28 02:37:00.000
MAC504;P02;OF05;1;30;2025-12-28 02:37:00.000;2026-01-10 12:37:00.000
MAC504;P02;OF06;1;30;2026-01-10 12:37:00.000;2026-01-17 16:37:00.000
MAC504;P05;OF07;1;30;2026-01-17 16:37:00.000;2026-01-24 08:58:51.616
MAC504;P06;OF08;1;30;2026-01-24 00:37:00.000;2026-01-30 04:08:03.862
MAC504;P07;OF09;1;30;2026-01-29 22:37:00.000;2026-03-20 14:37:00.000
MAC504;P01;OF10;1;30;2026-02-22 00:00:00.000;2026-03-07 20:00:00.000
MAC504;P05;OF11;1;30;2026-02-22 00:00:00.000;2026-03-07 18:18:37.259
MAC504;P06;OF12;1;30;2026-02-22 00:00:00.000;2026-03-04 02:00:00.000
MAC504;P01;OF13;1;30;2026-02-22 00:00:00.000;2026-03-04 12:00:00.000
MAC504;P07;OF14;1;30;2026-02-22 00:00:00.000;2026-02-25 10:00:00.000
MAC504;P08;OF15;1;30;2026-02-22 00:00:00.000;2026-03-05 08:00:00.000
MAC504;P01;OF16;1;30;2026-02-22 00:00:00.000;2026-04-02 06:00:00.000
MAC504;P10;OF17;1;30;2026-02-22 00:00:00.000;2026-02-27 00:50:03.799
MAC504;P02;OF18;1;30;2026-02-22 00:00:00.000;2026-02-26 16:00:00.000
MAC504;P03;OF19;1;30;2026-02-22 00:00:00.000;2026-03-07 20:00:00.000
MAC504;P01;OF20;1;30;2026-02-22 00:00:00.000;2026-03-01 04:00:00.000
MAC504;P04;OF21;1;30;2026-02-22 00:00:00.000;2026-03-03 06:00:00.000
MAC504;P05;OF22;1;30;2026-02-22 00:00:00.000;2026-03-01 01:47:43.679
MAC504;P06;OF23;1;30;2026-02-22 00:00:00.000;2026-03-01 08:58:37.984
MAC504;P08;OF24;1;30;2026-02-22 00:00:00.000;2026-03-02 10:00:00.000
MAC504;P04;OF25;1;30;2026-02-22 00:00:00.000;2026-03-01 04:00:00.000
MAC504;P02;OF26;1;30;2026-02-22 00:00:00.000;2026-03-01 04:00:00.000
MAC504;P05;OF27;1;30;2026-02-22 00:00:00.000;2026-02-28 08:00:00.000
MAC504;P06;OF28;1;30;2026-02-22 00:00:00.000;2026-02-27 22:00:00.000
MAC504;P07;OF29;1;30;2026-02-22 00:00:00.000;2026-04-07 16:00:00.000
MAC504;P01;OF30;1;30;2026-02-22 00:00:00.000;2026-03-09 05:02:53.308
MAC504;P05;OF31;1;30;2026-02-22 00:00:00.000;2026-03-06 14:00:00.000
MAC504;P06;OF32;1;30;2026-02-22 00:00:00.000;2026-03-04 02:00:00.000
MAC504;P01;OF33;1;30;2026-02-22 00:00:00.000;2026-03-04 12:00:00.000
MAC504;P07;OF34;1;30;2026-02-22 00:00:00.000;2026-02-25 10:00:00.000
MAC504;P08;OF35;1;30;2026-02-22 00:00:00.000;2026-03-04 19:26:58.592
MAC504;P01;OF36;1;30;2026-02-22 00:00:00.000;2026-04-02 06:00:00.000
MAC504;P10;OF37;1;30;2026-02-22 00:00:00.000;2026-02-27 02:00:00.000
MAC504;P02;OF38;1;30;2026-02-22 00:00:00.000;2026-02-26 16:00:00.000
MAC504;P03;OF39;1;30;2026-02-22 00:00:00.000;2026-03-07 20:00:00.000
MAC504;P01;OF40;1;30;2026-02-22 00:00:00.000;2026-03-01 04:00:00.000
MAC504;P04;OF41;1;30;2026-02-22 00:00:00.000;2026-03-03 06:00:00.000
MAC504;P05;OF42;1;30;2026-02-22 00:00:00.000;2026-03-01 14:00:00.000
MAC504;P06;OF43;1;30;2026-02-22 00:00:00.000;2026-03-02 10:42:40.486
MAC504;P08;OF44;1;30;2026-02-22 00:00:00.000;2026-03-02 10:00:00.000
MAC504;P04;OF45;1;30;2026-02-22 00:00:00.000;2026-03-01 04:00:00.000
MAC504;P01;OF46;1;30;2026-02-22 00:00:00.000;2026-04-02 06:00:00.000
MAC504;P10;OF47;1;30;2026-02-22 00:00:00.000;2026-02-27 02:00:00.000
MAC504;P02;OF48;1;30;2026-02-22 00:00:00.000;2026-02-26 16:00:00.000
MAC504;P03;OF49;1;30;2026-02-22 00:00:00.000;2026-03-07 20:00:00.000
MAC504;P03;OF50;1;30;2026-02-22 00:00:00.000;2026-03-07 20:00:00.000
POSTE1;PRODMO2;AF00000002;0;10;2025-11-24 10:48:00.000;2025-12-02 08:48:00.000
POSTE1;PRODMO1;AF00000004;0;10;2025-12-02 08:48:00.000;2025-12-31 11:48:00.000
POSTE1;PRODMO2;AF00000005;0;10;2025-12-31 11:48:00.020;2026-02-10 08:48:00.020
POSTE1;PRODMO1;AF00000007;0;10;2026-02-10 08:48:00.050;2026-03-01 17:48:00.050
POSTE1;PRODMO2;AF00000008;0;10;2026-02-22 00:00:00.000;2026-03-01 12:00:00.000
POSTE1;PRODMO1;AF0000001;0;10;2026-02-22 00:00:00.000;2026-02-26 04:00:00.000
POSTE1;PRODMO1;AF00000010;0;10;2026-02-22 00:00:00.000;2026-03-01 22:00:00.000
POSTE2;PRODMO2;AF00000002;0;20;2025-11-24 10:48:00.000;2025-12-03 01:10:06.019
POSTE2;PRODMO3;AF00000003;0;10;2025-12-02 08:48:00.000;2025-12-05 14:48:00.000
POSTE2;PRODMO3;AF00000006;0;10;2025-12-05 14:48:00.000;2025-12-30 15:48:00.000
POSTE2;PRODMO3;AF00000009;0;10;2025-12-30 15:48:00.020;2026-02-22 10:48:00.020
POSTE2;PRODMO1;AF00000004;0;20;2026-02-22 00:00:00.000;2026-02-28 06:00:00.000
POSTE2;PRODMO2;AF00000005;0;20;2026-02-22 00:00:00.000;2026-03-02 08:00:00.000
POSTE2;PRODMO3;AF00000011;0;10;2026-02-22 00:00:00.000;2026-03-14 20:00:00.000
POSTE2;PRODMO1;AF0000001;0;20;2026-02-26 04:00:00.000;2026-03-02 08:00:00.000
POSTE2;PRODMO2;AF00000008;0;20;2026-03-01 12:00:00.000;2026-03-01 13:38:00.000
POSTE2;PRODMO1;AF00000007;0;20;2026-03-01 17:48:00.050;2026-03-01 20:33:00.050
POSTE2;PRODMO1;AF00000010;0;20;2026-03-01 22:00:00.000;2026-03-09 20:00:00.000
POSTE3;PRODMO3;AF00000003;0;20;2025-11-24 10:48:00.000;2025-12-09 08:48:00.000
POSTE3;PRODMO3;AF00000006;0;20;2025-12-30 15:48:00.020;2026-01-24 04:59:40.565
POSTE3;PRODMO3;AF00000009;0;20;2026-02-22 10:48:00.050;2026-03-04 20:48:00.050
POSTE3;PRODMO1;AF00000004;0;30;2026-02-28 06:00:00.000;2026-03-06 12:00:00.000
POSTE3;PRODMO1;AF00000007;0;30;2026-03-01 20:33:00.050;2026-03-10 12:31:39.047
POSTE3;PRODMO1;AF0000001;0;30;2026-03-02 08:00:00.000;2026-03-06 12:00:00.000
POSTE3;PRODMO1;AF00000010;0;30;2026-03-09 20:00:00.000;2026-03-17 18:00:00.000
POSTE3;PRODMO3;AF00000011;0;20;2026-03-14 20:00:00.000;2026-04-04 16:00:00.000
POSTE4;PRODMO1;AF00000004;0;40;2026-03-06 12:00:00.000;2026-03-12 18:00:00.000
POSTE4;PRODMO1;AF0000001;0;40;2026-03-06 12:00:00.000;2026-03-10 16:00:00.000
POSTE4;PRODMO1;AF00000007;0;40;2026-03-11 00:33:00.050;2026-03-20 04:33:00.050
POSTE4;PRODMO1;AF00000010;0;40;2026-03-17 18:00:00.000;2026-03-25 16:00:00.000
POSTE5;PRODMO2;AF00000002;0;50;2025-11-24 10:48:00.000;2025-12-12 08:01:28.565
POSTE5;PRODMO3;AF00000003;0;30;2025-12-12 14:48:00.010;2025-12-29 10:48:00.010
POSTE5;PRODMO3;AF00000006;0;30;2026-01-22 16:48:00.040;2026-02-22 00:48:00.040
POSTE5;PRODMO2;AF00000008;0;50;2026-03-01 13:38:00.000;2026-03-08 15:39:26.164
POSTE5;PRODMO2;AF00000005;0;50;2026-03-02 08:00:00.000;2026-03-10 16:00:00.000
POSTE5;PRODMO3;AF00000009;0;30;2026-03-04 20:48:00.050;2026-03-15 06:48:00.050
POSTE5;PRODMO1;AF0000001;0;50;2026-03-10 16:00:00.000;2026-03-14 20:00:00.000
POSTE5;PRODMO1;AF00000004;0;50;2026-03-12 18:00:00.000;2026-03-19 00:00:00.000
POSTE5;PRODMO1;AF00000007;0;50;2026-03-20 04:33:00.050;2026-03-28 18:15:28.009
POSTE5;PRODMO1;AF00000010;0;50;2026-03-25 16:00:00.000;2026-04-02 14:00:00.000
POSTE5;PRODMO3;AF00000011;0;30;2026-04-04 16:00:00.000;2026-04-25 12:00:00.000
MAC102;PROD02;NEW_OF_0001;0;10;2026-05-21 04:51:00.000;2026-05-22 19:21:00.000
MAC504;P03;NEW_OF_0002;1;30;2026-05-17 05:21:00.000;2026-05-31 01:21:00.000
POSTE2;PRODMO2;NEW_OF_0003;0;20;2026-05-02 21:18:00.000;2026-05-02 22:56:00.000
MAC102;PROD02;NEW_OF_0004;0;10;2026-05-13 06:23:00.000;2026-05-14 13:23:00.000
MAC501;P05;NEW_OF_0005;1;10;2026-04-30 04:34:00.000;2026-04-30 08:14:00.000
MAC103;PROD01V3;NEW_OF_0006;0;10;2026-05-18 15:20:00.000;2026-05-20 09:20:00.000
MAC202;PROD02;NEW_OF_0007;0;20;2026-05-21 14:45:00.000;2026-05-24 21:31:00.000
MAC501;P01;NEW_OF_0008;1;10;2026-05-24 00:49:00.000;2026-05-24 06:21:00.000
MAC504;P04;NEW_OF_0009;1;30;2026-05-14 13:25:00.000;2026-05-23 19:25:00.000
MAC501;P05;NEW_OF_0010;1;10;2026-05-24 01:41:00.000;2026-05-24 06:21:00.000
POSTE2;PRODMO2;NEW_OF_0011;0;20;2026-05-07 14:13:00.000;2026-05-15 22:13:00.000
MAC300;PROD03;NEW_OF_0012;0;20;2026-05-09 09:12:00.000;2026-05-10 14:46:00.000
MAC300;PROD01;NEW_OF_0013;0;30;2026-04-30 08:15:00.000;2026-05-01 14:45:00.000
MAC504;P07;NEW_OF_0014;1;30;2026-05-10 22:40:00.000;2026-05-14 08:40:00.000
MAC202;PROD01PF;NEW_OF_0015;0;20;2026-05-08 09:36:00.000;2026-05-09 21:36:00.000
MAC504;P05;NEW_OF_0016;1;30;2026-04-28 09:58:00.000;2026-05-10 23:58:00.000
MAC102;PROD02;NEW_OF_0017;0;10;2026-05-18 16:11:00.000;2026-05-19 00:41:00.000
MAC504;P01;NEW_OF_0018;1;30;2026-05-24 14:06:00.000;2026-07-02 20:06:00.000
MAC501;P04;NEW_OF_0019;1;10;2026-05-21 05:50:00.000;2026-05-21 12:11:00.000
MAC300;PROD01;NEW_OF_0020;0;30;2026-05-07 06:17:00.000;2026-05-08 05:17:00.000
MAC202;PROD02;NEW_OF_0021;0;20;2026-05-23 04:19:00.000;2026-05-24 07:59:00.000
MAC501;P08;NEW_OF_0022;1;10;2026-05-06 03:30:00.000;2026-05-06 10:03:00.000
MAC504;P03;NEW_OF_0023;1;30;2026-05-18 15:27:00.000;2026-06-01 11:27:00.000
MAC502;P03;NEW_OF_0024;1;20;2026-05-21 02:13:00.000;2026-05-22 06:51:00.000
MAC504;P03;NEW_OF_0025;1;30;2026-05-23 01:51:00.000;2026-06-05 21:51:00.000
MAC504;P07;NEW_OF_0026;1;30;2026-05-16 04:26:00.000;2026-05-19 14:26:00.000
MAC502;P05;NEW_OF_0027;1;20;2026-05-23 16:36:00.000;2026-05-24 02:55:00.000
MAC501;P06;NEW_OF_0028;1;10;2026-05-22 13:51:00.000;2026-05-22 17:02:00.000
MAC201;PROD01;NEW_OF_0029;0;20;2026-05-16 06:39:00.000;2026-05-20 06:39:00.000
MAC502;P05;NEW_OF_0030;1;20;2026-05-04 19:35:00.000;2026-05-05 15:54:00.000
MAC201;PROD01;NEW_OF_0031;0;20;2026-05-16 04:53:00.000;2026-05-25 14:53:00.000
MAC502;P07;NEW_OF_0032;1;20;2026-05-12 16:18:00.000;2026-05-15 01:55:00.000
MAC201;PROD01;NEW_OF_0033;0;20;2026-05-15 02:17:00.000;2026-05-17 15:17:00.000
MAC504;P01;NEW_OF_0034;1;30;2026-05-07 06:33:00.000;2026-06-15 12:33:00.000
MAC300;PROD01;NEW_OF_0035;0;30;2026-05-12 23:12:00.000;2026-05-14 00:42:00.000
MAC502;P02;NEW_OF_0036;1;20;2026-05-07 23:50:00.000;2026-05-08 09:16:00.000
MAC502;P05;NEW_OF_0037;1;20;2026-05-13 00:55:00.000;2026-05-13 11:14:00.000
MAC501;P03;NEW_OF_0038;1;10;2026-04-26 09:44:00.000;2026-04-26 20:44:00.000
MAC504;P08;NEW_OF_0039;1;30;2026-05-17 06:31:00.000;2026-05-28 14:31:00.000
MAC101;PROD01;NEW_OF_0040;0;10;2026-05-09 22:37:00.000;2026-05-13 23:37:00.000
POSTE5;PRODMO3;NEW_OF_0041;0;30;2026-05-14 13:00:00.000;2026-05-24 23:00:00.000
MAC303;PROD01V3;NEW_OF_0042;0;30;2026-05-05 22:20:00.000;2026-05-06 20:30:00.000
MAC502;P08;NEW_OF_0043;1;20;2026-05-23 11:22:00.000;2026-05-23 22:33:00.000
MAC202;PROD02;NEW_OF_0044;0;20;2026-05-15 12:56:00.000;2026-05-16 16:36:00.000
MAC504;P09;NEW_OF_0045;1;30;2026-05-15 21:50:00.000;2026-05-28 11:50:00.000
MAC502;P02;NEW_OF_0046;1;20;2026-05-01 22:57:00.000;2026-05-02 15:03:00.000
MAC201;PROD01;NEW_OF_0047;0;20;2026-05-11 06:32:00.000;2026-05-12 08:32:00.000
MAC504;P06;NEW_OF_0048;1;30;2026-05-19 21:29:00.000;2026-05-27 21:29:00.000
MAC102;PROD02;NEW_OF_0049;0;10;2026-04-28 03:02:00.000;2026-05-01 19:32:00.000
POSTE2;PRODMO3;NEW_OF_0050;0;10;2026-05-13 05:04:00.000;2026-06-03 01:04:00.000
MAC504;P05;NEW_OF_0051;1;30;2026-05-19 18:59:00.000;2026-06-01 08:59:00.000
MAC202;PROD01V3;NEW_OF_0052;0;20;2026-04-30 22:36:00.000;2026-05-06 08:10:00.000
POSTE1;PRODMO1;NEW_OF_0053;0;10;2026-05-07 09:14:00.000;2026-05-26 18:14:00.000
POSTE2;PRODMO1;NEW_OF_0054;0;20;2026-05-02 21:09:00.000;2026-05-09 03:09:00.000
MAC504;P08;NEW_OF_0055;1;30;2026-04-29 09:57:00.000;2026-05-07 19:57:00.000
MAC502;P08;NEW_OF_0056;1;20;2026-05-11 02:50:00.000;2026-05-11 17:21:00.000
MAC502;P01;NEW_OF_0057;1;20;2026-05-15 21:35:00.000;2026-05-21 06:52:00.000
MAC501;P03;NEW_OF_0058;1;10;2026-05-25 02:33:00.000;2026-05-25 09:19:00.000
MAC502;P01;NEW_OF_0059;1;20;2026-05-20 15:52:00.000;2026-05-21 11:09:00.000
MAC105;PROD01V3;NEW_OF_0060;0;10;2026-05-11 04:32:00.000;2026-05-12 17:32:00.000
POSTE1;PRODMO2;NEW_OF_0061;0;10;2026-05-02 19:04:00.000;2026-06-12 16:04:00.000
MAC103;PROD03;NEW_OF_0062;0;10;2026-05-05 06:07:00.000;2026-05-05 21:37:00.000
MAC501;P05;NEW_OF_0063;1;10;2026-05-24 16:45:00.000;2026-05-24 21:25:00.000
MAC102;PROD02;NEW_OF_0064;0;10;2026-04-30 03:48:00.000;2026-04-30 22:03:00.000
MAC501;P04;NEW_OF_0065;1;10;2026-04-29 14:49:00.000;2026-04-29 21:10:00.000
MAC502;P03;NEW_OF_0066;1;20;2026-05-13 18:03:00.000;2026-05-14 12:41:00.000
MAC108;PROD01V3;NEW_OF_0067;0;30;2026-05-24 14:14:00.000;2026-05-26 05:37:00.000
MAC501;P06;NEW_OF_0068;1;10;2026-05-08 01:29:00.000;2026-05-08 06:14:00.000
MAC501;P02;NEW_OF_0069;1;10;2026-04-27 11:02:00.000;2026-04-27 12:39:00.000
MAC104;PROD01;NEW_OF_0070;0;30;2026-04-28 04:04:00.000;2026-04-29 15:34:00.000
MAC502;P02;NEW_OF_0071;1;20;2026-05-24 05:28:00.000;2026-05-24 14:54:00.000
MAC504;P02;NEW_OF_0072;1;30;2026-04-29 10:17:00.000;2026-05-04 02:17:00.000
MAC502;P04;NEW_OF_0073;1;20;2026-05-08 11:13:00.000;2026-05-08 23:54:00.000
MAC303;PROD01V3;NEW_OF_0074;0;30;2026-05-08 06:53:00.000;2026-05-09 22:16:00.000
MAC502;P02;NEW_OF_0075;1;20;2026-05-06 13:45:00.000;2026-05-06 23:11:00.000
MAC501;P01;NEW_OF_0076;1;10;2026-05-15 16:10:00.000;2026-05-15 21:42:00.000
MAC501;P01;NEW_OF_0077;1;10;2026-05-11 03:54:00.000;2026-05-12 20:26:00.000
MAC103;PROD01V2;NEW_OF_0078;0;20;2026-04-30 01:33:00.000;2026-04-30 22:33:00.000
MAC202;PROD01V3;NEW_OF_0079;0;20;2026-05-14 05:31:00.000;2026-05-19 15:05:00.000
MAC502;P04;NEW_OF_0080;1;20;2026-05-06 08:24:00.000;2026-05-06 21:05:00.000
MAC504;P10;NEW_OF_0081;1;30;2026-05-11 15:55:00.000;2026-05-16 17:55:00.000
MAC502;P04;NEW_OF_0082;1;20;2026-05-15 23:59:00.000;2026-05-16 12:40:00.000
MAC502;P02;NEW_OF_0083;1;20;2026-05-20 23:34:00.000;2026-05-21 09:00:00.000
MAC504;P03;NEW_OF_0084;1;30;2026-05-16 12:18:00.000;2026-05-30 08:18:00.000
MAC502;P10;NEW_OF_0085;1;20;2026-05-12 06:42:00.000;2026-05-12 21:42:00.000
MAC102;PROD02;NEW_OF_0086;0;10;2026-04-29 13:01:00.000;2026-04-30 07:16:00.000
MAC106;PROD01;NEW_OF_0087;0;10;2026-05-07 20:12:00.000;2026-05-09 09:12:00.000
MAC201;PROD01;NEW_OF_0088;0;20;2026-04-30 20:10:00.000;2026-05-04 00:10:00.000
POSTE1;PRODMO1;NEW_OF_0089;0;10;2026-05-12 13:40:00.000;2026-06-10 16:40:00.000
MAC504;P08;NEW_OF_0090;1;30;2026-05-14 07:03:00.000;2026-05-22 17:03:00.000
MAC504;P05;NEW_OF_0091;1;30;2026-05-23 14:35:00.000;2026-06-05 04:35:00.000
MAC501;P04;NEW_OF_0092;1;10;2026-05-01 14:03:00.000;2026-05-01 20:24:00.000
MAC201;PROD01;NEW_OF_0093;0;20;2026-05-24 10:02:00.000;2026-05-26 23:02:00.000
POSTE4;PRODMO1;NEW_OF_0094;0;40;2026-05-17 05:28:00.000;2026-05-26 09:28:00.000
MAC101;PROD01;NEW_OF_0095;0;10;2026-05-17 02:22:00.000;2026-05-19 16:22:00.000
MAC504;P10;NEW_OF_0096;1;30;2026-05-01 21:18:00.000;2026-05-06 23:18:00.000
MAC303;PROD01V3;NEW_OF_0097;0;30;2026-05-02 12:25:00.000;2026-05-12 22:55:00.000
POSTE5;PRODMO1;NEW_OF_0098;0;50;2026-05-23 23:27:00.000;2026-06-02 03:27:00.000
MAC300;PROD01V3;NEW_OF_0099;0;20;2026-05-24 19:15:00.000;2026-05-25 16:15:00.000
MAC504;P03;NEW_OF_0100;1;30;2026-05-25 00:58:00.000;2026-06-07 20:58:00.000
